{
	"authResult": "success",
	"applicationConfigurationURLs": {
		"accSummaryUrl": "/accservices/556677/accounts",
		"loanSummaryUrl": "/loanservices/556677/loans",
		"transactionDetailsUrl": "/txnservices/1000/accounts",
		"payeeListUrl": "/accservices/556677/payeeList",
		"cardSummaryUrl": "http://mydigitalbanking.com:8080/cardservices/556677/cards",
		"investmentSummaryUrl": "/accservices/556677/investments",
		"paymentsSummaryUrl": "http://mydigitalbanking.com:8080/txfrservices/payCreditCardBill"
	}
}
 